centroid_index,value
1,11017.327272727272
2,90074.57142857143
3,47619.03333333333
4,70143.98591549296
5,28869.275862068964
