iteration,centroid_1,centroid_2,centroid_3,centroid_4,centroid_5
1,13281.265625,33602.421875,95847.31428571428,81259.10909090909,57290.060975609755
2,11955.192982456141,33288.16,95013.8,79676.38888888889,57312.33783783784
3,11334.574074074075,32897.320512820515,93602.06,77604.75555555556,57148.94520547945
4,11124.358490566037,32605.846153846152,92940.34545454546,75377.65217391304,56033.970588235294
5,10914.153846153846,32316.94871794872,92663.9649122807,74408.59574468085,55377.878787878784
6,10914.153846153846,32162.935064935064,92369.79661016949,73982.93333333333,55210.68656716418
7,10914.153846153846,32162.935064935064,92369.79661016949,73982.93333333333,55210.68656716418
