centroid_index,value
1,31803.328125
2,52332.982142857145
3,8605.74074074074
4,72113.20547945205
5,91508.32075471699
