iteration,centroid_1,centroid_2,centroid_3,centroid_4,centroid_5
1,27346.68181818182,43552.42465753425,68096.69620253165,11723.0,91040.54901960785
2,27051.18,46450.044117647056,67712.28571428571,8921.305084745763,89658.21666666666
3,27375.966666666667,48005.606060606064,68488.44067796611,8211.763636363636,89658.21666666666
4,27375.966666666667,48152.13432835821,68672.3275862069,8211.763636363636,89658.21666666666
5,27375.966666666667,48448.79710144927,69039.66071428571,8211.763636363636,89658.21666666666
6,27547.885245901638,48748.014492753624,69231.12727272727,8211.763636363636,89658.21666666666
7,27881.571428571428,49067.08955223881,69231.12727272727,8211.763636363636,89658.21666666666
8,27881.571428571428,49213.57352941176,69420.07407407407,8211.763636363636,89658.21666666666
9,27881.571428571428,49213.57352941176,69420.07407407407,8211.763636363636,89658.21666666666
