iteration,centroid_1,centroid_2,centroid_3,centroid_4,centroid_5
1,93507.97222222222,11344.260273972603,52249.666666666664,30681.14285714286,77385.82352941176
2,92346.95454545454,10711.492753623188,53257.01408450704,31446.277777777777,75738.37096774194
3,91585.87755102041,10711.492753623188,53803.109375,32315.830508474577,74587.30508474576
4,90826.25925925926,10711.492753623188,53806.3870967742,32493.566666666666,73602.98181818181
5,90681.01818181819,10711.492753623188,53468.03333333333,32493.566666666666,73093.57142857143
6,90528.53571428571,10711.492753623188,53298.35593220339,32493.566666666666,72760.30357142857
7,90528.53571428571,10711.492753623188,52955.08474576271,32315.830508474577,72593.15789473684
8,90528.53571428571,10711.492753623188,52955.08474576271,32315.830508474577,72593.15789473684
