centroid_index,value
1,90528.53571428571
2,10711.492753623188
3,52955.08474576271
4,32315.830508474577
5,72593.15789473684
