iteration,centroid_1,centroid_2,centroid_3,centroid_4,centroid_5
1,64926.24137931035,9632.68888888889,94070.85416666667,78930.18918918919,39406.99107142857
2,62412.33802816901,11290.403846153846,94070.85416666667,78574.76923076923,38337.77777777778
3,61296.85507246377,11544.547169811322,94070.85416666667,77737.29545454546,38039.62790697674
4,60727.57971014493,11544.547169811322,94070.85416666667,77390.58695652174,37751.92857142857
5,60149.47826086957,11290.403846153846,94070.85416666667,77050.97916666667,37317.24096385542
6,59712.81428571429,11290.403846153846,94070.85416666667,76879.12244897959,37026.148148148146
7,59584.942028985504,11290.403846153846,94070.85416666667,76712.26,37026.148148148146
8,59584.942028985504,11290.403846153846,94070.85416666667,76712.26,37026.148148148146
